id,company_name,position,posted
1,"KROGER TECHNOLOGIES (KRG)","Maintenance Planner",0
2,"KROGER TECHNOLOGIES (KRG)","FAC ENG/GENERAL TECH 3",1
3,"KROGER TECHNOLOGIES (KRG)","FAC ENG/REFRIGERATION HVAC TECH 3",1
4,"Great American Insurance Company","â€¢ Identity and Access Management Engineer",1
5,"FIFTH THIRD BANK (53 BANK)","Software Engineer",0
6,"FIFTH THIRD BANK (53 BANK)","Principal Software Engineer",0
7,"FIFTH THIRD BANK (53 BANK)","Associate Director, Software Engineering",0
8,"FIFTH THIRD BANK (53 BANK)","Associate Director - Software Engineering Enterprise Modernization - Servicing Apps",0
9,"US BANK","Software Engineer",2
10,"US BANK","Software Engineer -1 (TIBCO EBX MDM )",0
11,"US BANK","Full Stack Software Engineer-2 (Java Spring boot, React, Microservices)",0
12,"US BANK","Software Developer",1
13,"US BANK","Principal Platform Engineer",2
14,"US BANK","Principal Engineer - Connected Banking Platform",1
15,"US BANK","API Developer",2
16,"Great American Insurance Company","Crop Business Developer",2
17,"United Postal Services (UPS)","Software Quality Engineer",1
18,"FIFTH THIRD BANK (53 BANK)","Software Development Engineer in Test",0
19,"United Postal Services (UPS)","Data Engineer",0
20,"US BANK","Software Engineer 2 (Java, Spring Boot)",0
21,"Great American Insurance Company","Identity and Access Management Engineer",0
22,"US BANK","Software Engineer 2 (Java, Spring Boot, AWS)",0
23,"KROGER TECHNOLOGIES (KRG)","ADVANCED QUALITY ENGINEER",0
24,"KROGER TECHNOLOGIES (KRG)","FAC ENG/REFRIGERATION HVAC TECH 4",2
25,"Great American Insurance Company","Senior Business Developer (Illinois)",0
26,"Great American Insurance Company","ClaimCenter Cloud Developer",2
27,"Great American Insurance Company","Senior Data Developer",2
28,"US BANK","Cloud Infrastructure Engineer",2
29,"Great American Insurance Company","Business Developer",2
